sample_size_n,seed,signal_share_of_current_residual_variance,spec_name,label,status,valid_fold_count,full_fold_coverage,rolling_mean_mape_pct,rolling_std_mape_pct,headline_fold_mape_pct,headline_fold_naive_baseline_mape_pct,headline_fold_test_rows,error_type,error_message,rows_2021,rows_2022,rows_2023,rows_2024,rows_2025,rows_2026
50,0,1.0,mock_ultra_completeness,Mock target: observed + 8 synthetic features,ok,4,True,18.898294538237927,16.138934605977713,1.0238074298167878e-12,94.21284397823852,2,,,14,14,6,7,7,2
50,1,1.0,mock_ultra_completeness,Mock target: observed + 8 synthetic features,ok,4,True,44.96736718034862,36.3314352186193,5.7718131439565e-13,35.19530002765821,2,,,14,14,6,7,7,2
50,2,1.0,mock_ultra_completeness,Mock target: observed + 8 synthetic features,ok,4,True,20.977238019137765,15.580113212722281,2.2565170654801917e-12,69.82267769626975,2,,,14,14,6,7,7,2
50,3,1.0,mock_ultra_completeness,Mock target: observed + 8 synthetic features,ok,4,True,98.55583261082165,99.01315047202023,2.4244350320886043e-12,49.723689231288894,2,,,14,14,6,7,7,2
50,4,1.0,mock_ultra_completeness,Mock target: observed + 8 synthetic features,ok,4,True,14.253504638105426,12.909497883337247,4.983943405153694e-13,40.54829304325852,2,,,14,14,6,7,7,2
50,5,1.0,mock_ultra_completeness,Mock target: observed + 8 synthetic features,ok,4,True,39.67902749541293,35.758021379164866,3.3398833635135e-12,81.72527595047244,2,,,14,14,6,7,7,2
50,6,1.0,mock_ultra_completeness,Mock target: observed + 8 synthetic features,ok,4,True,21.22379116865729,18.20851420195982,1.5059023386413612e-12,44.36965514895802,2,,,14,14,6,7,7,2
50,7,1.0,mock_ultra_completeness,Mock target: observed + 8 synthetic features,ok,4,True,21.522046520082476,16.16582026883818,1.87224639734265e-12,39.316599707895165,2,,,14,14,6,7,7,2
50,8,1.0,mock_ultra_completeness,Mock target: observed + 8 synthetic features,ok,4,True,22.655044075872418,16.13642586426573,1.7571698362393427e-13,58.49107716484038,2,,,14,14,6,7,7,2
50,9,1.0,mock_ultra_completeness,Mock target: observed + 8 synthetic features,ok,4,True,56.056084381108846,44.437484880178275,5.078240541934159,56.25058211344951,2,,,14,14,6,7,7,2
50,10,1.0,mock_ultra_completeness,Mock target: observed + 8 synthetic features,ok,4,True,7.806395766432018,4.804401415249301,3.508964659658332e-13,21.19342582450097,2,,,14,14,6,7,7,2
50,11,1.0,mock_ultra_completeness,Mock target: observed + 8 synthetic features,ok,4,True,24.44626185506052,22.946744500109613,1.1479144635065177e-12,58.732811454962764,2,,,14,14,6,7,7,2
50,12,1.0,mock_ultra_completeness,Mock target: observed + 8 synthetic features,ok,4,True,62.58044666490827,42.41438316534168,1.3327723914432483e-12,63.66105306908736,2,,,14,14,6,7,7,2
50,13,1.0,mock_ultra_completeness,Mock target: observed + 8 synthetic features,ok,4,True,35.96888418257491,30.690454832239986,2.71917399246886e-12,102.30773848040006,2,,,14,14,6,7,7,2
50,14,1.0,mock_ultra_completeness,Mock target: observed + 8 synthetic features,ok,4,True,51.896912657098106,34.85941808156243,3.997983598156706e-12,39.976887779495165,2,,,14,14,6,7,7,2
50,15,1.0,mock_ultra_completeness,Mock target: observed + 8 synthetic features,ok,4,True,322.115036046881,477.86191503329746,6.158053500834217e-13,60.68474148237312,2,,,14,14,6,7,7,2
50,16,1.0,mock_ultra_completeness,Mock target: observed + 8 synthetic features,ok,4,True,44.00173818280484,33.35058176089098,3.4575244816990217e-12,78.60584854712651,2,,,14,14,6,7,7,2
50,17,1.0,mock_ultra_completeness,Mock target: observed + 8 synthetic features,ok,4,True,81.87588756824815,87.36393461769404,1.0113375657175462e-12,39.62790014520681,2,,,14,14,6,7,7,2
50,18,1.0,mock_ultra_completeness,Mock target: observed + 8 synthetic features,ok,4,True,63.19905895668006,82.3921300971325,1.588141325316091e-12,61.4171795717809,2,,,14,14,6,7,7,2
50,19,1.0,mock_ultra_completeness,Mock target: observed + 8 synthetic features,ok,4,True,42.65182965308958,31.86264030506078,2.901324994905542e-13,75.68198636443695,2,,,14,14,6,7,7,2
50,20,1.0,mock_ultra_completeness,Mock target: observed + 8 synthetic features,ok,4,True,22.235052454033546,19.06860216631721,1.4804072615063648e-12,45.51711204984255,2,,,14,14,6,7,7,2
50,21,1.0,mock_ultra_completeness,Mock target: observed + 8 synthetic features,ok,4,True,85.94548067614305,89.00674539034827,2.39938078660389e-12,18.194906222944724,2,,,14,14,6,7,7,2
50,22,1.0,mock_ultra_completeness,Mock target: observed + 8 synthetic features,ok,4,True,23.118874943624967,19.41343380787085,1.357095627899652e-13,65.74574178340204,2,,,14,14,6,7,7,2
50,23,1.0,mock_ultra_completeness,Mock target: observed + 8 synthetic features,ok,4,True,13.694908252158285,11.408666161757557,1.1788003744972014e-12,21.010941876498176,2,,,14,14,6,7,7,2
50,24,1.0,mock_ultra_completeness,Mock target: observed + 8 synthetic features,ok,4,True,43.61559754667626,32.202953086657686,4.25516799312189e-13,42.98372293160641,2,,,14,14,6,7,7,2
50,25,1.0,mock_ultra_completeness,Mock target: observed + 8 synthetic features,ok,4,True,35.20491870567467,31.47630522815849,3.964423440869464e-13,81.16347990782499,2,,,14,14,6,7,7,2
50,26,1.0,mock_ultra_completeness,Mock target: observed + 8 synthetic features,ok,4,True,54.61650831197824,36.26338869609183,1.2509633585814173e-12,46.79476900170377,2,,,14,14,6,7,7,2
50,27,1.0,mock_ultra_completeness,Mock target: observed + 8 synthetic features,ok,4,True,38.54614101071207,37.04220264992287,5.97382451681415e-13,49.93076627331862,2,,,14,14,6,7,7,2
50,28,1.0,mock_ultra_completeness,Mock target: observed + 8 synthetic features,ok,4,True,45.78831964118387,31.93935916463678,2.0514590286818715e-13,45.603711211313986,2,,,14,14,6,7,7,2
50,29,1.0,mock_ultra_completeness,Mock target: observed + 8 synthetic features,ok,4,True,85.08537850436106,85.40361055851007,4.4397747196702515e-13,52.12647963121765,2,,,14,14,6,7,7,2
80,0,1.0,mock_ultra_completeness,Mock target: observed + 8 synthetic features,ok,4,True,25.466935305694665,20.082651644927214,9.299493317683408e-13,37.23336383994873,3,,,23,22,9,12,11,3
80,1,1.0,mock_ultra_completeness,Mock target: observed + 8 synthetic features,ok,4,True,39.773598337649496,29.335358086496086,1.3346254185839994e-12,88.91108875336951,3,,,23,22,9,12,11,3
80,2,1.0,mock_ultra_completeness,Mock target: observed + 8 synthetic features,ok,4,True,34.801205706306185,31.735154304092465,2.7050071695577554e-12,122.35520629966803,3,,,23,22,9,12,11,3
80,3,1.0,mock_ultra_completeness,Mock target: observed + 8 synthetic features,ok,4,True,34.70900812781971,39.90156929893213,5.468496831365734e-13,104.79738435357373,3,,,23,22,9,12,11,3
80,4,1.0,mock_ultra_completeness,Mock target: observed + 8 synthetic features,ok,4,True,9.874304715280369,9.028750878172444,5.467329310501354e-13,59.990322758847746,3,,,23,22,9,12,11,3
80,5,1.0,mock_ultra_completeness,Mock target: observed + 8 synthetic features,ok,4,True,23.529037579038118,31.22381175028443,6.24171994630616e-13,81.07389381223419,3,,,23,22,9,12,11,3
80,6,1.0,mock_ultra_completeness,Mock target: observed + 8 synthetic features,ok,4,True,25.661502781675978,17.327011190515602,7.860364996115898e-13,132.2767973206021,3,,,23,22,9,12,11,3
80,7,1.0,mock_ultra_completeness,Mock target: observed + 8 synthetic features,ok,4,True,21.809059790708307,18.58149101908089,1.8926324294396047e-12,45.65664917405297,3,,,23,22,9,12,11,3
80,8,1.0,mock_ultra_completeness,Mock target: observed + 8 synthetic features,ok,4,True,17.588251850122436,11.733132057892895,7.6714062508561e-13,56.77015612809353,3,,,23,22,9,12,11,3
80,9,1.0,mock_ultra_completeness,Mock target: observed + 8 synthetic features,ok,4,True,20.277249857193656,7.377485575052767,8.493599442989126,196.65227549456156,3,,,23,22,9,12,11,3
80,10,1.0,mock_ultra_completeness,Mock target: observed + 8 synthetic features,ok,4,True,11.924957386396295,7.8828656769925916,1.3747341053038973e-12,48.90476491520946,3,,,23,22,9,12,11,3
80,11,1.0,mock_ultra_completeness,Mock target: observed + 8 synthetic features,ok,4,True,35.487562674749725,23.682097003459177,5.797828097288786e-13,87.28381486823409,3,,,23,22,9,12,11,3
80,12,1.0,mock_ultra_completeness,Mock target: observed + 8 synthetic features,ok,4,True,35.130345655369574,20.59235851207137,9.19115457280381e-13,93.57962815651226,3,,,23,22,9,12,11,3
80,13,1.0,mock_ultra_completeness,Mock target: observed + 8 synthetic features,ok,4,True,25.23971329132971,15.399837391726361,4.624413288923457e-13,85.56382296748893,3,,,23,22,9,12,11,3
80,14,1.0,mock_ultra_completeness,Mock target: observed + 8 synthetic features,ok,4,True,22.280349340881536,20.516167819382517,1.4854803600678867e-12,70.9798297812574,3,,,23,22,9,12,11,3
80,15,1.0,mock_ultra_completeness,Mock target: observed + 8 synthetic features,ok,4,True,31.917561994051038,32.47675057380847,7.184615653673132e-13,39.33040667995697,3,,,23,22,9,12,11,3
80,16,1.0,mock_ultra_completeness,Mock target: observed + 8 synthetic features,ok,4,True,41.01962855918166,24.615488183544453,2.6130426872999085e-13,155.45306307741845,3,,,23,22,9,12,11,3
80,17,1.0,mock_ultra_completeness,Mock target: observed + 8 synthetic features,ok,4,True,49.7840428881458,45.68283505314203,2.3466644866333593e-13,117.33689640626166,3,,,23,22,9,12,11,3
80,18,1.0,mock_ultra_completeness,Mock target: observed + 8 synthetic features,ok,4,True,31.016018075055136,33.68505297759419,4.466169344671597e-13,294.1743381173291,3,,,23,22,9,12,11,3
80,19,1.0,mock_ultra_completeness,Mock target: observed + 8 synthetic features,ok,4,True,26.11321623548343,16.060117647311216,1.4915160877655439e-13,190.99398604525828,3,,,23,22,9,12,11,3
80,20,1.0,mock_ultra_completeness,Mock target: observed + 8 synthetic features,ok,4,True,10.551884658554547,9.096605107299878,1.3121572393062314e-12,84.06896045717022,3,,,23,22,9,12,11,3
80,21,1.0,mock_ultra_completeness,Mock target: observed + 8 synthetic features,ok,4,True,65.81506693123335,67.92315013255933,1.627640326957067e-12,35.20606750981013,3,,,23,22,9,12,11,3
80,22,1.0,mock_ultra_completeness,Mock target: observed + 8 synthetic features,ok,4,True,14.811099692352006,16.98460600546051,1.804140554519801e-12,187.22120653901902,3,,,23,22,9,12,11,3
80,23,1.0,mock_ultra_completeness,Mock target: observed + 8 synthetic features,ok,4,True,6.112572971144172,5.662844283497004,2.1763890399952206e-12,83.24963257538062,3,,,23,22,9,12,11,3
80,24,1.0,mock_ultra_completeness,Mock target: observed + 8 synthetic features,ok,4,True,26.98492807620706,28.430620089531526,1.2431079665345738e-12,221.8948334663521,3,,,23,22,9,12,11,3
80,25,1.0,mock_ultra_completeness,Mock target: observed + 8 synthetic features,ok,4,True,25.866485019164873,25.47768118672341,2.2050332329997758e-12,87.77222199652705,3,,,23,22,9,12,11,3
80,26,1.0,mock_ultra_completeness,Mock target: observed + 8 synthetic features,ok,4,True,45.28721222418404,30.008313723194014,5.833880125818278e-13,184.51813071784812,3,,,23,22,9,12,11,3
80,27,1.0,mock_ultra_completeness,Mock target: observed + 8 synthetic features,ok,4,True,18.117120603609266,21.699268113866637,1.3040631654095551e-12,20.422201732524567,3,,,23,22,9,12,11,3
80,28,1.0,mock_ultra_completeness,Mock target: observed + 8 synthetic features,ok,4,True,14.890156368856053,8.763152559225565,1.0614786214007344e-12,234.57863174702842,3,,,23,22,9,12,11,3
80,29,1.0,mock_ultra_completeness,Mock target: observed + 8 synthetic features,ok,4,True,44.018745747652034,35.35125441490275,9.020256999959161e-13,44.44873374729752,3,,,23,22,9,12,11,3
100,0,1.0,mock_ultra_completeness,Mock target: observed + 8 synthetic features,ok,4,True,26.154641820859613,17.35556458931097,3.655681660719705e-12,75.1206384963992,3,,,29,27,12,15,14,3
100,1,1.0,mock_ultra_completeness,Mock target: observed + 8 synthetic features,ok,4,True,32.191767487612005,36.559603198005036,8.317423255482602e-13,53.030243765958254,3,,,29,27,12,15,14,3
100,2,1.0,mock_ultra_completeness,Mock target: observed + 8 synthetic features,ok,4,True,36.69555983794751,36.405805689527,1.381532425853567e-12,88.35447228060599,3,,,29,27,12,15,14,3
100,3,1.0,mock_ultra_completeness,Mock target: observed + 8 synthetic features,ok,4,True,27.537313644501552,32.62190631121272,2.954301536623404e-13,108.11550396903738,3,,,29,27,12,15,14,3
100,4,1.0,mock_ultra_completeness,Mock target: observed + 8 synthetic features,ok,4,True,22.639049079978804,18.205357788407728,2.4095001926015947e-12,66.12840231480702,3,,,29,27,12,15,14,3
100,5,1.0,mock_ultra_completeness,Mock target: observed + 8 synthetic features,ok,4,True,19.224665880719485,18.921626887608284,1.0780615189925808e-12,44.12306160966892,3,,,29,27,12,15,14,3
100,6,1.0,mock_ultra_completeness,Mock target: observed + 8 synthetic features,ok,4,True,17.671833793386742,10.379821863545972,2.223641327542591e-13,31.177987806097963,3,,,29,27,12,15,14,3
100,7,1.0,mock_ultra_completeness,Mock target: observed + 8 synthetic features,ok,4,True,18.899148439368446,20.60257586606421,9.863967270421694e-13,38.65862137332428,3,,,29,27,12,15,14,3
100,8,1.0,mock_ultra_completeness,Mock target: observed + 8 synthetic features,ok,4,True,14.83668240888959,12.697566265130144,4.125244848880904e-13,39.48235222954424,3,,,29,27,12,15,14,3
100,9,1.0,mock_ultra_completeness,Mock target: observed + 8 synthetic features,ok,4,True,22.716527461968884,18.068763575279103,1.3891770470261337e-12,117.84997442944952,3,,,29,27,12,15,14,3
100,10,1.0,mock_ultra_completeness,Mock target: observed + 8 synthetic features,ok,4,True,16.042891299975924,10.484758416782146,1.6439765534357709e-12,63.08990800841327,3,,,29,27,12,15,14,3
100,11,1.0,mock_ultra_completeness,Mock target: observed + 8 synthetic features,ok,4,True,23.57651090685933,18.55965108433887,2.120358088654757e-12,79.33938675618461,3,,,29,27,12,15,14,3
100,12,1.0,mock_ultra_completeness,Mock target: observed + 8 synthetic features,ok,4,True,19.006062373809037,20.855544801129515,5.19573551544247e-13,69.27841869724318,3,,,29,27,12,15,14,3
100,13,1.0,mock_ultra_completeness,Mock target: observed + 8 synthetic features,ok,4,True,20.385873518748774,13.171983219793136,4.4449805748467507e-13,64.902692406721,3,,,29,27,12,15,14,3
100,14,1.0,mock_ultra_completeness,Mock target: observed + 8 synthetic features,ok,4,True,18.384536362134828,13.646733120910715,1.832658806670004e-12,110.23699109733927,3,,,29,27,12,15,14,3
100,15,1.0,mock_ultra_completeness,Mock target: observed + 8 synthetic features,ok,4,True,17.696432797162696,16.688953226111625,5.232995829645288e-12,61.140124041825686,3,,,29,27,12,15,14,3
100,16,1.0,mock_ultra_completeness,Mock target: observed + 8 synthetic features,ok,4,True,25.44542964322373,20.62474682431848,1.093192669148962e-12,68.40634469853076,3,,,29,27,12,15,14,3
100,17,1.0,mock_ultra_completeness,Mock target: observed + 8 synthetic features,ok,4,True,41.706154182387735,34.56391799219991,8.110981336771874e-13,76.47408515315983,3,,,29,27,12,15,14,3
100,18,1.0,mock_ultra_completeness,Mock target: observed + 8 synthetic features,ok,4,True,33.9062694196311,25.18782217354158,5.895100676060312e-13,55.41870215069298,3,,,29,27,12,15,14,3
100,19,1.0,mock_ultra_completeness,Mock target: observed + 8 synthetic features,ok,4,True,28.56145285925327,26.120958601760645,1.2918272308960867e-13,106.05417528512847,3,,,29,27,12,15,14,3
100,20,1.0,mock_ultra_completeness,Mock target: observed + 8 synthetic features,ok,4,True,11.778039058496544,6.805462985532564,6.703025943961587e-13,107.12873432206729,3,,,29,27,12,15,14,3
100,21,1.0,mock_ultra_completeness,Mock target: observed + 8 synthetic features,ok,4,True,13.642717117696098,14.68710817905555,2.5647480966743886e-13,32.920164219518625,3,,,29,27,12,15,14,3
100,22,1.0,mock_ultra_completeness,Mock target: observed + 8 synthetic features,ok,4,True,11.404720441790944,13.37880592679358,1.6484649260916797e-12,123.95629726148005,3,,,29,27,12,15,14,3
100,23,1.0,mock_ultra_completeness,Mock target: observed + 8 synthetic features,ok,4,True,5.70658235769425,5.8361295102235715,8.96283128140221e-13,70.81890108561647,3,,,29,27,12,15,14,3
100,24,1.0,mock_ultra_completeness,Mock target: observed + 8 synthetic features,ok,4,True,20.786153215923445,20.991182458904333,1.2612275160027658e-12,97.84298912988545,3,,,29,27,12,15,14,3
100,25,1.0,mock_ultra_completeness,Mock target: observed + 8 synthetic features,ok,4,True,14.953347620868467,14.366801474451394,1.0169026501171038e-12,69.01040148150831,3,,,29,27,12,15,14,3
100,26,1.0,mock_ultra_completeness,Mock target: observed + 8 synthetic features,ok,4,True,46.856943683621274,27.517136983878494,1.9819339578889036e-12,116.84026471518281,3,,,29,27,12,15,14,3
100,27,1.0,mock_ultra_completeness,Mock target: observed + 8 synthetic features,ok,4,True,12.988864059428979,14.303829706842558,1.9524079005115136e-12,79.74347150693134,3,,,29,27,12,15,14,3
100,28,1.0,mock_ultra_completeness,Mock target: observed + 8 synthetic features,ok,4,True,13.214892549790969,12.803647076506971,2.1685450759976484e-13,83.47362865435755,3,,,29,27,12,15,14,3
100,29,1.0,mock_ultra_completeness,Mock target: observed + 8 synthetic features,ok,4,True,32.250268512368194,24.983413872770623,1.0540935056868073e-12,56.765352499962184,3,,,29,27,12,15,14,3
120,0,1.0,mock_ultra_completeness,Mock target: observed + 8 synthetic features,ok,4,True,19.671098207864368,15.728244906740958,2.4962994168647916e-12,44.61951233523107,4,,,35,33,14,18,16,4
120,1,1.0,mock_ultra_completeness,Mock target: observed + 8 synthetic features,ok,4,True,27.289015994836923,31.564283541124322,1.3105859432179539e-12,59.52832111519798,4,,,35,33,14,18,16,4
120,2,1.0,mock_ultra_completeness,Mock target: observed + 8 synthetic features,ok,4,True,34.37230401386264,28.136134673826362,3.0682517728885546e-13,31.789147366495353,4,,,35,33,14,18,16,4
120,3,1.0,mock_ultra_completeness,Mock target: observed + 8 synthetic features,ok,4,True,23.568572442517272,28.068365459348513,1.6883611642338164e-12,66.74227466859224,4,,,35,33,14,18,16,4
120,4,1.0,mock_ultra_completeness,Mock target: observed + 8 synthetic features,ok,4,True,28.59446892043278,25.487048244537668,2.6719582914722773e-12,54.92930070675081,4,,,35,33,14,18,16,4
120,5,1.0,mock_ultra_completeness,Mock target: observed + 8 synthetic features,ok,4,True,12.786870670382754,8.737099686677695,1.5315635613679995e-12,31.39910942593706,4,,,35,33,14,18,16,4
120,6,1.0,mock_ultra_completeness,Mock target: observed + 8 synthetic features,ok,4,True,14.929866767358412,11.402997260698617,1.2121183850646342e-12,6.845329297188377,4,,,35,33,14,18,16,4
120,7,1.0,mock_ultra_completeness,Mock target: observed + 8 synthetic features,ok,4,True,25.037425226273278,24.326580210994045,1.0224013623828465e-12,36.136622931190075,4,,,35,33,14,18,16,4
120,8,1.0,mock_ultra_completeness,Mock target: observed + 8 synthetic features,ok,4,True,9.077909236680448,9.522647728802804,1.1476209475031445e-12,42.814276608078025,4,,,35,33,14,18,16,4
120,9,1.0,mock_ultra_completeness,Mock target: observed + 8 synthetic features,ok,4,True,24.676881987993063,19.71555442828744,5.532576918641772e-13,22.66335494305405,4,,,35,33,14,18,16,4
120,10,1.0,mock_ultra_completeness,Mock target: observed + 8 synthetic features,ok,4,True,9.73636815688816,9.69689732939555,1.5468810217354198e-12,31.407850468746396,4,,,35,33,14,18,16,4
120,11,1.0,mock_ultra_completeness,Mock target: observed + 8 synthetic features,ok,4,True,10.043324473908552,9.237706430577454,1.6764292872036118e-12,28.734596912804346,4,,,35,33,14,18,16,4
120,12,1.0,mock_ultra_completeness,Mock target: observed + 8 synthetic features,ok,4,True,12.086501182345126,9.119578039020517,7.446959594134763e-13,24.549855767373526,4,,,35,33,14,18,16,4
120,13,1.0,mock_ultra_completeness,Mock target: observed + 8 synthetic features,ok,4,True,17.346517107821757,11.212171516933273,3.593414676260268e-13,38.902636163650385,4,,,35,33,14,18,16,4
120,14,1.0,mock_ultra_completeness,Mock target: observed + 8 synthetic features,ok,4,True,17.37513092270785,12.455948804627406,1.4363845010287602e-12,21.700451653662373,4,,,35,33,14,18,16,4
120,15,1.0,mock_ultra_completeness,Mock target: observed + 8 synthetic features,ok,4,True,32.55922967611318,31.00570587853191,1.7006017322093728e-12,40.20859049400722,4,,,35,33,14,18,16,4
120,16,1.0,mock_ultra_completeness,Mock target: observed + 8 synthetic features,ok,4,True,25.252643417464764,18.728627409325476,4.531726981070342e-13,56.16394193991524,4,,,35,33,14,18,16,4
120,17,1.0,mock_ultra_completeness,Mock target: observed + 8 synthetic features,ok,4,True,24.29890742745203,16.855841322031416,1.5004469588285936e-12,44.52680823048641,4,,,35,33,14,18,16,4
120,18,1.0,mock_ultra_completeness,Mock target: observed + 8 synthetic features,ok,4,True,28.569000628625684,21.273230600440037,1.0799996336248378e-13,35.36641026473901,4,,,35,33,14,18,16,4
120,19,1.0,mock_ultra_completeness,Mock target: observed + 8 synthetic features,ok,4,True,21.28327172759452,13.90223421982274,1.1137038709831292e-12,55.45741830828561,4,,,35,33,14,18,16,4
120,20,1.0,mock_ultra_completeness,Mock target: observed + 8 synthetic features,ok,4,True,9.720776444471237,7.022206079865624,1.4868991580358397e-12,43.11473764342675,4,,,35,33,14,18,16,4
120,21,1.0,mock_ultra_completeness,Mock target: observed + 8 synthetic features,ok,4,True,19.096602072406604,16.154321331163978,6.183768891599524e-13,21.29146781069547,4,,,35,33,14,18,16,4
120,22,1.0,mock_ultra_completeness,Mock target: observed + 8 synthetic features,ok,4,True,12.68485348381446,15.496048103572157,3.5812954679381644e-13,56.19574564624153,4,,,35,33,14,18,16,4
120,23,1.0,mock_ultra_completeness,Mock target: observed + 8 synthetic features,ok,4,True,18.396086769398362,12.17967193538463,5.592285839583218e-13,31.298716698794983,4,,,35,33,14,18,16,4
120,24,1.0,mock_ultra_completeness,Mock target: observed + 8 synthetic features,ok,4,True,15.375038820453877,17.129269996225577,1.6419820495912617e-12,15.540214686443319,4,,,35,33,14,18,16,4
120,25,1.0,mock_ultra_completeness,Mock target: observed + 8 synthetic features,ok,4,True,4.061194092086473,2.6332337676748954,1.1127730640005511e-12,37.30652983294267,4,,,35,33,14,18,16,4
120,26,1.0,mock_ultra_completeness,Mock target: observed + 8 synthetic features,ok,4,True,42.90678160548142,26.761448666523947,4.422751448537713e-13,48.44485074530163,4,,,35,33,14,18,16,4
120,27,1.0,mock_ultra_completeness,Mock target: observed + 8 synthetic features,ok,4,True,19.501724215234095,14.64838620809773,6.798209304201523e-13,30.283908492508875,4,,,35,33,14,18,16,4
120,28,1.0,mock_ultra_completeness,Mock target: observed + 8 synthetic features,ok,4,True,13.389588182416038,10.64356519950233,2.3003081358870766e-12,24.660172989530338,4,,,35,33,14,18,16,4
120,29,1.0,mock_ultra_completeness,Mock target: observed + 8 synthetic features,ok,4,True,32.60889055339661,26.56003851731095,6.10095197610309e-13,29.254045053237675,4,,,35,33,14,18,16,4
150,0,1.0,mock_ultra_completeness,Mock target: observed + 8 synthetic features,ok,4,True,15.90307450235917,16.947708240001646,3.036451125076614e-12,123.00561489159914,4,,,44,41,18,22,21,4
150,1,1.0,mock_ultra_completeness,Mock target: observed + 8 synthetic features,ok,4,True,17.312537344534277,18.033193909871326,5.411195046546422e-13,48.01992238953347,4,,,44,41,18,22,21,4
150,2,1.0,mock_ultra_completeness,Mock target: observed + 8 synthetic features,ok,4,True,24.636395242682177,21.20763910089467,1.3090228697092131e-12,132.47677021700633,4,,,44,41,18,22,21,4
150,3,1.0,mock_ultra_completeness,Mock target: observed + 8 synthetic features,ok,4,True,26.96613565235548,28.588844022095504,1.745845809826744e-12,170.65969083977774,4,,,44,41,18,22,21,4
150,4,1.0,mock_ultra_completeness,Mock target: observed + 8 synthetic features,ok,4,True,28.140340268092576,23.011547871046726,9.459815340443925e-13,19.083242923592607,4,,,44,41,18,22,21,4
150,5,1.0,mock_ultra_completeness,Mock target: observed + 8 synthetic features,ok,4,True,17.801187984289257,16.04655893251854,3.7866464496360667e-13,43.5860702234652,4,,,44,41,18,22,21,4
150,6,1.0,mock_ultra_completeness,Mock target: observed + 8 synthetic features,ok,4,True,14.210008703481318,12.906607405720125,1.1089184118894236e-12,47.68845133519087,4,,,44,41,18,22,21,4
150,7,1.0,mock_ultra_completeness,Mock target: observed + 8 synthetic features,ok,4,True,27.50523806817117,21.075577021183296,3.877155959411482e-13,70.53048140160132,4,,,44,41,18,22,21,4
150,8,1.0,mock_ultra_completeness,Mock target: observed + 8 synthetic features,ok,4,True,13.636547839076764,12.91846115513055,3.651435091325333e-13,37.66693618056116,4,,,44,41,18,22,21,4
150,9,1.0,mock_ultra_completeness,Mock target: observed + 8 synthetic features,ok,4,True,17.405555869393837,12.073068616654924,5.118994236298978e-13,132.8982532770899,4,,,44,41,18,22,21,4
150,10,1.0,mock_ultra_completeness,Mock target: observed + 8 synthetic features,ok,4,True,11.093419947859257,11.063346333603343,4.0802196658834255e-12,42.110212351029794,4,,,44,41,18,22,21,4
150,11,1.0,mock_ultra_completeness,Mock target: observed + 8 synthetic features,ok,4,True,8.408496065865629,6.600334229559238,3.3523226625236633e-13,64.38103013831795,4,,,44,41,18,22,21,4
150,12,1.0,mock_ultra_completeness,Mock target: observed + 8 synthetic features,ok,4,True,10.151287525044232,6.921086033567055,2.450085634896277e-13,37.89828815559528,4,,,44,41,18,22,21,4
150,13,1.0,mock_ultra_completeness,Mock target: observed + 8 synthetic features,ok,4,True,14.904587133306654,9.30546219758969,2.44961613005338e-13,42.68624067829795,4,,,44,41,18,22,21,4
150,14,1.0,mock_ultra_completeness,Mock target: observed + 8 synthetic features,ok,4,True,19.85159603960001,15.542332229187442,1.882416327426047e-12,36.81164432527573,4,,,44,41,18,22,21,4
150,15,1.0,mock_ultra_completeness,Mock target: observed + 8 synthetic features,ok,4,True,21.70101536202463,17.410492998559086,1.7834788634557775e-12,51.53273916503446,4,,,44,41,18,22,21,4
150,16,1.0,mock_ultra_completeness,Mock target: observed + 8 synthetic features,ok,4,True,9.559747269673023,5.548587215639199,3.217193002902795e-12,83.89897235024839,4,,,44,41,18,22,21,4
150,17,1.0,mock_ultra_completeness,Mock target: observed + 8 synthetic features,ok,4,True,10.10319500383647,12.095353068344721,7.453912315087631e-13,28.458554006012456,4,,,44,41,18,22,21,4
150,18,1.0,mock_ultra_completeness,Mock target: observed + 8 synthetic features,ok,4,True,27.478574981558893,24.673626185274934,8.236590429411835e-13,123.531282397883,4,,,44,41,18,22,21,4
150,19,1.0,mock_ultra_completeness,Mock target: observed + 8 synthetic features,ok,4,True,24.310733608775465,17.113055160487335,6.308448864098683e-13,95.5856429934563,4,,,44,41,18,22,21,4
150,20,1.0,mock_ultra_completeness,Mock target: observed + 8 synthetic features,ok,4,True,12.137494315694918,11.795461126132361,1.2143373791924108e-12,68.24748264283836,4,,,44,41,18,22,21,4
150,21,1.0,mock_ultra_completeness,Mock target: observed + 8 synthetic features,ok,4,True,10.167307874561928,7.630697677952575,3.471988471500764e-13,37.85190204745227,4,,,44,41,18,22,21,4
150,22,1.0,mock_ultra_completeness,Mock target: observed + 8 synthetic features,ok,4,True,11.634681440147837,11.734423721841184,4.799992154420581e-13,67.48590270992354,4,,,44,41,18,22,21,4
150,23,1.0,mock_ultra_completeness,Mock target: observed + 8 synthetic features,ok,4,True,21.682378977755377,15.694728155369056,7.978973604107492e-14,44.35643610010037,4,,,44,41,18,22,21,4
150,24,1.0,mock_ultra_completeness,Mock target: observed + 8 synthetic features,ok,4,True,18.2101005598521,13.257501522530731,2.1434439161864784e-13,105.1765945607499,4,,,44,41,18,22,21,4
150,25,1.0,mock_ultra_completeness,Mock target: observed + 8 synthetic features,ok,4,True,8.910594935006303,8.3349092498903,7.64631475575611e-13,84.86821087614156,4,,,44,41,18,22,21,4
150,26,1.0,mock_ultra_completeness,Mock target: observed + 8 synthetic features,ok,4,True,35.007272761080635,24.605550089765973,8.019100661782636e-13,79.61467539405092,4,,,44,41,18,22,21,4
150,27,1.0,mock_ultra_completeness,Mock target: observed + 8 synthetic features,ok,4,True,18.41372585774209,10.823244406928806,6.368019055997335e-13,52.38421278962494,4,,,44,41,18,22,21,4
150,28,1.0,mock_ultra_completeness,Mock target: observed + 8 synthetic features,ok,4,True,21.185614791334444,16.17129495852417,5.720591854610132e-13,41.95952488154882,4,,,44,41,18,22,21,4
150,29,1.0,mock_ultra_completeness,Mock target: observed + 8 synthetic features,ok,4,True,24.89962407191537,23.12308586922186,8.754476455912264e-13,41.982223268039384,4,,,44,41,18,22,21,4
200,0,1.0,mock_ultra_completeness,Mock target: observed + 8 synthetic features,ok,4,True,6.939817078130499,8.4423322833631,5.77140918487507e-13,48.35601623768759,6,,,59,55,24,29,27,6
200,1,1.0,mock_ultra_completeness,Mock target: observed + 8 synthetic features,ok,4,True,17.642617479680403,17.439888453733314,7.121650904424933e-13,56.923280238968,6,,,59,55,24,29,27,6
200,2,1.0,mock_ultra_completeness,Mock target: observed + 8 synthetic features,ok,4,True,12.970283958308343,13.052153478110844,1.1403996229958929e-12,59.128823519406595,6,,,59,55,24,29,27,6
200,3,1.0,mock_ultra_completeness,Mock target: observed + 8 synthetic features,ok,4,True,15.052566545709274,9.529550149801693,2.459479394815158e-13,45.29895247051074,6,,,59,55,24,29,27,6
200,4,1.0,mock_ultra_completeness,Mock target: observed + 8 synthetic features,ok,4,True,19.018016057092584,15.760642359232152,7.014574236151574e-13,42.08152693195884,6,,,59,55,24,29,27,6
200,5,1.0,mock_ultra_completeness,Mock target: observed + 8 synthetic features,ok,4,True,16.057036852839953,10.327218764779184,6.493746550151795e-13,60.31738332518978,6,,,59,55,24,29,27,6
200,6,1.0,mock_ultra_completeness,Mock target: observed + 8 synthetic features,ok,4,True,10.520682685315084,10.848092952203881,7.694201329964719e-13,70.64131643912336,6,,,59,55,24,29,27,6
200,7,1.0,mock_ultra_completeness,Mock target: observed + 8 synthetic features,ok,4,True,23.500976109061906,18.789539167796672,1.0653246736061494e-12,59.337324441749026,6,,,59,55,24,29,27,6
200,8,1.0,mock_ultra_completeness,Mock target: observed + 8 synthetic features,ok,4,True,6.1460779770764935,4.633137001892787,1.048244557512758e-12,49.320426830461415,6,,,59,55,24,29,27,6
200,9,1.0,mock_ultra_completeness,Mock target: observed + 8 synthetic features,ok,4,True,17.856977088281628,17.703751556104297,5.000062994943997e-13,63.33833916509376,6,,,59,55,24,29,27,6
200,10,1.0,mock_ultra_completeness,Mock target: observed + 8 synthetic features,ok,4,True,11.171811476287813,8.983185098017877,8.791106160815432e-13,60.31943719189287,6,,,59,55,24,29,27,6
200,11,1.0,mock_ultra_completeness,Mock target: observed + 8 synthetic features,ok,4,True,11.633384080432931,10.348458817748057,3.4991499039950743e-13,52.96867813207115,6,,,59,55,24,29,27,6
200,12,1.0,mock_ultra_completeness,Mock target: observed + 8 synthetic features,ok,4,True,15.016803786257197,10.441162981333234,6.768551209099659e-13,40.34996835174324,6,,,59,55,24,29,27,6
200,13,1.0,mock_ultra_completeness,Mock target: observed + 8 synthetic features,ok,4,True,14.059912557693917,9.522353623587193,1.9593887978917484e-12,83.41236587135238,6,,,59,55,24,29,27,6
200,14,1.0,mock_ultra_completeness,Mock target: observed + 8 synthetic features,ok,4,True,15.325247352240547,13.07586404903399,4.896853961622536e-13,65.16547503854912,6,,,59,55,24,29,27,6
200,15,1.0,mock_ultra_completeness,Mock target: observed + 8 synthetic features,ok,4,True,27.62788118147199,23.719906985928244,3.669055621729142e-12,99.064434432011,6,,,59,55,24,29,27,6
200,16,1.0,mock_ultra_completeness,Mock target: observed + 8 synthetic features,ok,4,True,11.83593101019402,11.189098361489977,1.366441319531441e-12,94.02700243290366,6,,,59,55,24,29,27,6
200,17,1.0,mock_ultra_completeness,Mock target: observed + 8 synthetic features,ok,4,True,6.596892145248058,4.240191337130406,5.471108833620697e-13,57.32896422350967,6,,,59,55,24,29,27,6
200,18,1.0,mock_ultra_completeness,Mock target: observed + 8 synthetic features,ok,4,True,22.764902079546243,19.00831294862532,2.4597554328275845e-13,68.05663870015609,6,,,59,55,24,29,27,6
200,19,1.0,mock_ultra_completeness,Mock target: observed + 8 synthetic features,ok,4,True,7.012099376823292,5.357486857676333,3.2981340214320657e-13,63.823969942518744,6,,,59,55,24,29,27,6
200,20,1.0,mock_ultra_completeness,Mock target: observed + 8 synthetic features,ok,4,True,5.416046958245928,5.323229454807156,8.039404600302725e-13,68.94624404247044,6,,,59,55,24,29,27,6
200,21,1.0,mock_ultra_completeness,Mock target: observed + 8 synthetic features,ok,4,True,18.651513572592567,11.609385567154984,6.448531462844325e-13,57.37861510180041,6,,,59,55,24,29,27,6
200,22,1.0,mock_ultra_completeness,Mock target: observed + 8 synthetic features,ok,4,True,13.835018811921548,11.407033766312058,4.4657042064601396e-13,124.56019799188842,6,,,59,55,24,29,27,6
200,23,1.0,mock_ultra_completeness,Mock target: observed + 8 synthetic features,ok,4,True,21.836037701817325,15.005845890136465,3.387754668489575e-12,63.07521982184928,6,,,59,55,24,29,27,6
200,24,1.0,mock_ultra_completeness,Mock target: observed + 8 synthetic features,ok,4,True,6.974294185897969,5.36089065531533,1.1638565309651824e-12,92.29301739016623,6,,,59,55,24,29,27,6
200,25,1.0,mock_ultra_completeness,Mock target: observed + 8 synthetic features,ok,4,True,7.8422379708994665,7.565689006008245,7.123319141677433e-13,91.89092398623802,6,,,59,55,24,29,27,6
200,26,1.0,mock_ultra_completeness,Mock target: observed + 8 synthetic features,ok,4,True,30.417317232957725,23.189885267373082,4.712355024445911e-13,346.82863388895413,6,,,59,55,24,29,27,6
200,27,1.0,mock_ultra_completeness,Mock target: observed + 8 synthetic features,ok,4,True,16.507397446067447,13.370307751145289,7.542737274698948e-13,54.16365716895911,6,,,59,55,24,29,27,6
200,28,1.0,mock_ultra_completeness,Mock target: observed + 8 synthetic features,ok,4,True,10.226619922613613,9.7702369944828,1.1747684785762158e-12,109.80438378802194,6,,,59,55,24,29,27,6
200,29,1.0,mock_ultra_completeness,Mock target: observed + 8 synthetic features,ok,4,True,22.881162327248052,20.235356776130303,1.413977216144347e-12,87.46143022154395,6,,,59,55,24,29,27,6
300,0,1.0,mock_ultra_completeness,Mock target: observed + 8 synthetic features,ok,4,True,12.021584166250065,9.992536514437807,8.356139221063614e-13,82.71641506982692,8,,,89,84,35,43,41,8
300,1,1.0,mock_ultra_completeness,Mock target: observed + 8 synthetic features,ok,4,True,14.77883131543805,10.131358675213116,3.9688026385511675e-13,139.65218169634946,8,,,89,84,35,43,41,8
300,2,1.0,mock_ultra_completeness,Mock target: observed + 8 synthetic features,ok,4,True,10.048562361185157,11.23298590382834,6.094923371955953e-13,84.19638528590772,8,,,89,84,35,43,41,8
300,3,1.0,mock_ultra_completeness,Mock target: observed + 8 synthetic features,ok,4,True,6.634613304931519,5.045640320287426,9.843236257136528e-13,92.49289198186581,8,,,89,84,35,43,41,8
300,4,1.0,mock_ultra_completeness,Mock target: observed + 8 synthetic features,ok,4,True,17.191649754294144,13.970286314906769,4.4444394983224796e-13,106.48458977885578,8,,,89,84,35,43,41,8
300,5,1.0,mock_ultra_completeness,Mock target: observed + 8 synthetic features,ok,4,True,3.899163145028896,5.399620940988787,4.153441041852435e-13,127.4829353970205,8,,,89,84,35,43,41,8
300,6,1.0,mock_ultra_completeness,Mock target: observed + 8 synthetic features,ok,4,True,6.787000696736511,7.979504521838518,7.38040918352207e-13,116.21201977377362,8,,,89,84,35,43,41,8
300,7,1.0,mock_ultra_completeness,Mock target: observed + 8 synthetic features,ok,4,True,14.548784020398815,10.873426423443536,1.3825914003388103e-12,93.47023971394376,8,,,89,84,35,43,41,8
300,8,1.0,mock_ultra_completeness,Mock target: observed + 8 synthetic features,ok,4,True,7.018094154631384,4.91692711100087,1.2671774288934917e-12,77.04508449898889,8,,,89,84,35,43,41,8
300,9,1.0,mock_ultra_completeness,Mock target: observed + 8 synthetic features,ok,4,True,14.89131582498239,11.664706767130417,4.999209201706149e-13,112.25113718492837,8,,,89,84,35,43,41,8
300,10,1.0,mock_ultra_completeness,Mock target: observed + 8 synthetic features,ok,4,True,11.499549194913776,11.097299354521342,1.4171721750918889e-12,84.3594260676294,8,,,89,84,35,43,41,8
300,11,1.0,mock_ultra_completeness,Mock target: observed + 8 synthetic features,ok,4,True,12.406137440408216,9.559358398414194,9.570741520741873e-13,106.54692729225074,8,,,89,84,35,43,41,8
300,12,1.0,mock_ultra_completeness,Mock target: observed + 8 synthetic features,ok,4,True,7.087859009218444,6.726550697668423,9.208157600575153e-13,99.64319013525926,8,,,89,84,35,43,41,8
300,13,1.0,mock_ultra_completeness,Mock target: observed + 8 synthetic features,ok,4,True,17.77967489823076,10.876102552977509,7.819709834531602e-13,151.28839241539833,8,,,89,84,35,43,41,8
300,14,1.0,mock_ultra_completeness,Mock target: observed + 8 synthetic features,ok,4,True,7.69944284531168,7.604000102510222,2.4975950426533644e-12,168.06322860188465,8,,,89,84,35,43,41,8
300,15,1.0,mock_ultra_completeness,Mock target: observed + 8 synthetic features,ok,4,True,14.07470283537738,10.270267072738205,4.883504156401745e-13,130.3599059314247,8,,,89,84,35,43,41,8
300,16,1.0,mock_ultra_completeness,Mock target: observed + 8 synthetic features,ok,4,True,15.139720037948226,14.737138099123177,6.791612878239316e-13,190.3854717179124,8,,,89,84,35,43,41,8
300,17,1.0,mock_ultra_completeness,Mock target: observed + 8 synthetic features,ok,4,True,5.618165704778759,7.565301287916372,7.306211271458579e-13,90.41822490875603,8,,,89,84,35,43,41,8
300,18,1.0,mock_ultra_completeness,Mock target: observed + 8 synthetic features,ok,4,True,12.02844405238703,11.270690777518972,1.085197048815547e-12,124.39280740425573,8,,,89,84,35,43,41,8
300,19,1.0,mock_ultra_completeness,Mock target: observed + 8 synthetic features,ok,4,True,13.06540089661793,12.017790112982642,3.871227527100363e-13,105.72673112321426,8,,,89,84,35,43,41,8
300,20,1.0,mock_ultra_completeness,Mock target: observed + 8 synthetic features,ok,4,True,4.88898734090033,5.575563502063027,5.013096264665526e-13,93.30673110648539,8,,,89,84,35,43,41,8
300,21,1.0,mock_ultra_completeness,Mock target: observed + 8 synthetic features,ok,4,True,15.66479188205184,10.441332181364212,1.1880923971641864e-12,74.48543530171509,8,,,89,84,35,43,41,8
300,22,1.0,mock_ultra_completeness,Mock target: observed + 8 synthetic features,ok,4,True,11.26256562798646,9.549783715934305,5.619786999012139e-13,130.86069283488257,8,,,89,84,35,43,41,8
300,23,1.0,mock_ultra_completeness,Mock target: observed + 8 synthetic features,ok,4,True,16.462396415172098,12.979280756596092,1.0224030809862355e-12,82.02437692940298,8,,,89,84,35,43,41,8
300,24,1.0,mock_ultra_completeness,Mock target: observed + 8 synthetic features,ok,4,True,15.615897165809203,13.178095526784046,9.82739707140085e-13,116.3763953096302,8,,,89,84,35,43,41,8
300,25,1.0,mock_ultra_completeness,Mock target: observed + 8 synthetic features,ok,4,True,5.154817107622913,4.035959439439799,1.643388084210095e-12,115.90851408184584,8,,,89,84,35,43,41,8
300,26,1.0,mock_ultra_completeness,Mock target: observed + 8 synthetic features,ok,4,True,10.169889388897376,9.481736575845233,1.0177037589627985e-12,126.56077721461358,8,,,89,84,35,43,41,8
300,27,1.0,mock_ultra_completeness,Mock target: observed + 8 synthetic features,ok,4,True,12.6958622526969,11.77806995045684,7.299651270835973e-13,91.32891014727008,8,,,89,84,35,43,41,8
300,28,1.0,mock_ultra_completeness,Mock target: observed + 8 synthetic features,ok,4,True,14.167450014928955,11.716686277637862,1.218178777437875e-12,211.7418896297405,8,,,89,84,35,43,41,8
300,29,1.0,mock_ultra_completeness,Mock target: observed + 8 synthetic features,ok,4,True,20.4927002955116,15.72059095900987,1.2632232797370217e-12,126.79878462303635,8,,,89,84,35,43,41,8
400,0,1.0,mock_ultra_completeness,Mock target: observed + 8 synthetic features,ok,4,True,9.691264584771622,8.910174286589104,1.2102891682212383e-12,94.21508543876861,10,,,119,112,47,58,54,10
400,1,1.0,mock_ultra_completeness,Mock target: observed + 8 synthetic features,ok,4,True,22.22119424634593,15.88785991182023,1.1415196447425161e-12,66.50661280884445,10,,,119,112,47,58,54,10
400,2,1.0,mock_ultra_completeness,Mock target: observed + 8 synthetic features,ok,4,True,13.190539106749746,12.029079262083114,3.8429950569829836e-13,117.3763908097873,10,,,119,112,47,58,54,10
400,3,1.0,mock_ultra_completeness,Mock target: observed + 8 synthetic features,ok,4,True,9.94949259137954,7.010475553823661,2.1006212558338285e-12,91.58577365286827,10,,,119,112,47,58,54,10
400,4,1.0,mock_ultra_completeness,Mock target: observed + 8 synthetic features,ok,4,True,12.537935024098296,11.737456113633892,9.108016154328927e-13,80.73902283487313,10,,,119,112,47,58,54,10
400,5,1.0,mock_ultra_completeness,Mock target: observed + 8 synthetic features,ok,4,True,3.875415824856066,5.472162181365701,1.5400913703729033e-12,126.92217957266656,10,,,119,112,47,58,54,10
400,6,1.0,mock_ultra_completeness,Mock target: observed + 8 synthetic features,ok,4,True,8.97182273195188,8.35227273120779,8.072491204626232e-13,115.63319974965682,10,,,119,112,47,58,54,10
400,7,1.0,mock_ultra_completeness,Mock target: observed + 8 synthetic features,ok,4,True,13.616700541519442,11.833959071994085,8.966748204959708e-13,133.27253586452468,10,,,119,112,47,58,54,10
400,8,1.0,mock_ultra_completeness,Mock target: observed + 8 synthetic features,ok,4,True,11.701491892114156,8.6755140958761,2.294790996798246e-13,75.98130932757442,10,,,119,112,47,58,54,10
400,9,1.0,mock_ultra_completeness,Mock target: observed + 8 synthetic features,ok,4,True,9.83124191444375,7.817172459377587,1.0130913815754433e-12,84.26708485373963,10,,,119,112,47,58,54,10
400,10,1.0,mock_ultra_completeness,Mock target: observed + 8 synthetic features,ok,4,True,6.157119724998218,5.957099679477765,2.6342894033348483e-13,95.54804928641198,10,,,119,112,47,58,54,10
400,11,1.0,mock_ultra_completeness,Mock target: observed + 8 synthetic features,ok,4,True,14.336912782621392,10.555335949521272,1.7748236592802978e-12,84.6500809147595,10,,,119,112,47,58,54,10
400,12,1.0,mock_ultra_completeness,Mock target: observed + 8 synthetic features,ok,4,True,12.627592061675864,8.434503082733999,1.1556875249219634e-12,86.54671490699516,10,,,119,112,47,58,54,10
400,13,1.0,mock_ultra_completeness,Mock target: observed + 8 synthetic features,ok,4,True,10.786863616622512,6.8016975664378645,5.495260725864649e-13,119.31007746655527,10,,,119,112,47,58,54,10
400,14,1.0,mock_ultra_completeness,Mock target: observed + 8 synthetic features,ok,4,True,7.096111964178229,6.166040128700712,2.6351514265875343e-13,102.07838254511282,10,,,119,112,47,58,54,10
400,15,1.0,mock_ultra_completeness,Mock target: observed + 8 synthetic features,ok,4,True,12.704248244754227,9.438088602444104,2.548090246169426e-13,146.3455301766896,10,,,119,112,47,58,54,10
400,16,1.0,mock_ultra_completeness,Mock target: observed + 8 synthetic features,ok,4,True,21.246302604955257,17.469694741703595,8.445167736054472e-13,76.00535725054885,10,,,119,112,47,58,54,10
400,17,1.0,mock_ultra_completeness,Mock target: observed + 8 synthetic features,ok,4,True,7.8543247293011005,7.870334167832574,9.579562071941299e-13,90.30962497665291,10,,,119,112,47,58,54,10
400,18,1.0,mock_ultra_completeness,Mock target: observed + 8 synthetic features,ok,4,True,10.425721097019267,9.590496534953717,3.496659036724211e-13,87.96635996006209,10,,,119,112,47,58,54,10
400,19,1.0,mock_ultra_completeness,Mock target: observed + 8 synthetic features,ok,4,True,17.69969686265914,14.806040078910561,4.3605476066754207e-13,76.67317231877304,10,,,119,112,47,58,54,10
400,20,1.0,mock_ultra_completeness,Mock target: observed + 8 synthetic features,ok,4,True,9.049318282987416,6.590645242572754,6.49171265008249e-13,86.16396445122184,10,,,119,112,47,58,54,10
400,21,1.0,mock_ultra_completeness,Mock target: observed + 8 synthetic features,ok,4,True,7.16765205180068,7.322623336718964,7.396734581551832e-13,79.3593571459372,10,,,119,112,47,58,54,10
400,22,1.0,mock_ultra_completeness,Mock target: observed + 8 synthetic features,ok,4,True,8.285802415648957,6.5045987817609365,4.436752261469453e-13,128.4155604853725,10,,,119,112,47,58,54,10
400,23,1.0,mock_ultra_completeness,Mock target: observed + 8 synthetic features,ok,4,True,11.709341302818272,10.728515830059436,5.095433623552592e-13,92.68788149170797,10,,,119,112,47,58,54,10
400,24,1.0,mock_ultra_completeness,Mock target: observed + 8 synthetic features,ok,4,True,13.589557050696238,12.305566039111005,9.50160689774511e-13,90.36336425605765,10,,,119,112,47,58,54,10
400,25,1.0,mock_ultra_completeness,Mock target: observed + 8 synthetic features,ok,4,True,4.304438260557438,6.26012857990943,2.2147093292267487e-12,103.4119241326809,10,,,119,112,47,58,54,10
400,26,1.0,mock_ultra_completeness,Mock target: observed + 8 synthetic features,ok,4,True,12.454631238161014,10.22262372641278,4.3568383474154947e-13,97.13722041040221,10,,,119,112,47,58,54,10
400,27,1.0,mock_ultra_completeness,Mock target: observed + 8 synthetic features,ok,4,True,11.142092252469496,9.844232558972951,2.1520742040772927e-13,146.8230661292399,10,,,119,112,47,58,54,10
400,28,1.0,mock_ultra_completeness,Mock target: observed + 8 synthetic features,ok,4,True,6.431213801963664,5.501513782710912,5.181942414502119e-13,161.88774850717587,10,,,119,112,47,58,54,10
400,29,1.0,mock_ultra_completeness,Mock target: observed + 8 synthetic features,ok,4,True,19.49540925515858,16.09464709690634,4.3482976159098726e-13,96.91740086671452,10,,,119,112,47,58,54,10
686,0,1.0,mock_ultra_completeness,Mock target: observed + 8 synthetic features,ok,4,True,9.11902100824942,7.274861223842748,3.5261771923323833e-13,64.5051567531214,17,,,205,192,80,99,93,17
686,1,1.0,mock_ultra_completeness,Mock target: observed + 8 synthetic features,ok,4,True,9.11902100824942,7.274861223842748,3.5261771923323833e-13,64.5051567531214,17,,,205,192,80,99,93,17
686,2,1.0,mock_ultra_completeness,Mock target: observed + 8 synthetic features,ok,4,True,9.11902100824942,7.274861223842748,3.5261771923323833e-13,64.5051567531214,17,,,205,192,80,99,93,17
686,3,1.0,mock_ultra_completeness,Mock target: observed + 8 synthetic features,ok,4,True,9.11902100824942,7.274861223842748,3.5261771923323833e-13,64.5051567531214,17,,,205,192,80,99,93,17
686,4,1.0,mock_ultra_completeness,Mock target: observed + 8 synthetic features,ok,4,True,9.11902100824942,7.274861223842748,3.5261771923323833e-13,64.5051567531214,17,,,205,192,80,99,93,17
686,5,1.0,mock_ultra_completeness,Mock target: observed + 8 synthetic features,ok,4,True,9.11902100824942,7.274861223842748,3.5261771923323833e-13,64.5051567531214,17,,,205,192,80,99,93,17
686,6,1.0,mock_ultra_completeness,Mock target: observed + 8 synthetic features,ok,4,True,9.11902100824942,7.274861223842748,3.5261771923323833e-13,64.5051567531214,17,,,205,192,80,99,93,17
686,7,1.0,mock_ultra_completeness,Mock target: observed + 8 synthetic features,ok,4,True,9.11902100824942,7.274861223842748,3.5261771923323833e-13,64.5051567531214,17,,,205,192,80,99,93,17
686,8,1.0,mock_ultra_completeness,Mock target: observed + 8 synthetic features,ok,4,True,9.11902100824942,7.274861223842748,3.5261771923323833e-13,64.5051567531214,17,,,205,192,80,99,93,17
686,9,1.0,mock_ultra_completeness,Mock target: observed + 8 synthetic features,ok,4,True,9.11902100824942,7.274861223842748,3.5261771923323833e-13,64.5051567531214,17,,,205,192,80,99,93,17
686,10,1.0,mock_ultra_completeness,Mock target: observed + 8 synthetic features,ok,4,True,9.11902100824942,7.274861223842748,3.5261771923323833e-13,64.5051567531214,17,,,205,192,80,99,93,17
686,11,1.0,mock_ultra_completeness,Mock target: observed + 8 synthetic features,ok,4,True,9.11902100824942,7.274861223842748,3.5261771923323833e-13,64.5051567531214,17,,,205,192,80,99,93,17
686,12,1.0,mock_ultra_completeness,Mock target: observed + 8 synthetic features,ok,4,True,9.11902100824942,7.274861223842748,3.5261771923323833e-13,64.5051567531214,17,,,205,192,80,99,93,17
686,13,1.0,mock_ultra_completeness,Mock target: observed + 8 synthetic features,ok,4,True,9.11902100824942,7.274861223842748,3.5261771923323833e-13,64.5051567531214,17,,,205,192,80,99,93,17
686,14,1.0,mock_ultra_completeness,Mock target: observed + 8 synthetic features,ok,4,True,9.11902100824942,7.274861223842748,3.5261771923323833e-13,64.5051567531214,17,,,205,192,80,99,93,17
686,15,1.0,mock_ultra_completeness,Mock target: observed + 8 synthetic features,ok,4,True,9.11902100824942,7.274861223842748,3.5261771923323833e-13,64.5051567531214,17,,,205,192,80,99,93,17
686,16,1.0,mock_ultra_completeness,Mock target: observed + 8 synthetic features,ok,4,True,9.11902100824942,7.274861223842748,3.5261771923323833e-13,64.5051567531214,17,,,205,192,80,99,93,17
686,17,1.0,mock_ultra_completeness,Mock target: observed + 8 synthetic features,ok,4,True,9.11902100824942,7.274861223842748,3.5261771923323833e-13,64.5051567531214,17,,,205,192,80,99,93,17
686,18,1.0,mock_ultra_completeness,Mock target: observed + 8 synthetic features,ok,4,True,9.11902100824942,7.274861223842748,3.5261771923323833e-13,64.5051567531214,17,,,205,192,80,99,93,17
686,19,1.0,mock_ultra_completeness,Mock target: observed + 8 synthetic features,ok,4,True,9.11902100824942,7.274861223842748,3.5261771923323833e-13,64.5051567531214,17,,,205,192,80,99,93,17
686,20,1.0,mock_ultra_completeness,Mock target: observed + 8 synthetic features,ok,4,True,9.11902100824942,7.274861223842748,3.5261771923323833e-13,64.5051567531214,17,,,205,192,80,99,93,17
686,21,1.0,mock_ultra_completeness,Mock target: observed + 8 synthetic features,ok,4,True,9.11902100824942,7.274861223842748,3.5261771923323833e-13,64.5051567531214,17,,,205,192,80,99,93,17
686,22,1.0,mock_ultra_completeness,Mock target: observed + 8 synthetic features,ok,4,True,9.11902100824942,7.274861223842748,3.5261771923323833e-13,64.5051567531214,17,,,205,192,80,99,93,17
686,23,1.0,mock_ultra_completeness,Mock target: observed + 8 synthetic features,ok,4,True,9.11902100824942,7.274861223842748,3.5261771923323833e-13,64.5051567531214,17,,,205,192,80,99,93,17
686,24,1.0,mock_ultra_completeness,Mock target: observed + 8 synthetic features,ok,4,True,9.11902100824942,7.274861223842748,3.5261771923323833e-13,64.5051567531214,17,,,205,192,80,99,93,17
686,25,1.0,mock_ultra_completeness,Mock target: observed + 8 synthetic features,ok,4,True,9.11902100824942,7.274861223842748,3.5261771923323833e-13,64.5051567531214,17,,,205,192,80,99,93,17
686,26,1.0,mock_ultra_completeness,Mock target: observed + 8 synthetic features,ok,4,True,9.11902100824942,7.274861223842748,3.5261771923323833e-13,64.5051567531214,17,,,205,192,80,99,93,17
686,27,1.0,mock_ultra_completeness,Mock target: observed + 8 synthetic features,ok,4,True,9.11902100824942,7.274861223842748,3.5261771923323833e-13,64.5051567531214,17,,,205,192,80,99,93,17
686,28,1.0,mock_ultra_completeness,Mock target: observed + 8 synthetic features,ok,4,True,9.11902100824942,7.274861223842748,3.5261771923323833e-13,64.5051567531214,17,,,205,192,80,99,93,17
686,29,1.0,mock_ultra_completeness,Mock target: observed + 8 synthetic features,ok,4,True,9.11902100824942,7.274861223842748,3.5261771923323833e-13,64.5051567531214,17,,,205,192,80,99,93,17
